{"cameraMode":{"drawMode":0,"name":"Shaded","section":"Shading Mode"},"sceneLighting":true,"audioPlay":false,"sceneViewState":{"showFog":false,"showMaterialUpdate":false,"showSkybox":false,"showFlares":false,"showImageEffects":false,"showParticleSystems":false},"in2DMode":false,"pivot":{"x":3.633333206176758,"y":-0.7624825239181519,"z":-0.11305895447731018},"rotation":{"x":-0.20733541250228883,"y":-0.6661338210105896,"z":0.20082810521125794,"w":-0.6877106428146362},"size":4.9604973793029789,"orthographic":false}