{"cameraMode":{"drawMode":0,"name":"Shaded","section":"Shading Mode"},"sceneLighting":true,"audioPlay":false,"sceneViewState":{"showFog":false,"showMaterialUpdate":false,"showSkybox":false,"showFlares":false,"showImageEffects":false,"showParticleSystems":false},"in2DMode":false,"pivot":{"x":-0.2863043546676636,"y":0.7599923610687256,"z":-1.2403953075408936},"rotation":{"x":0.38989681005477908,"y":0.5505664348602295,"z":-0.3235567510128021,"w":0.6634517312049866},"size":3.32893967628479,"orthographic":false}