{"cameraMode":{"drawMode":0,"name":"Shaded","section":"Shading Mode"},"sceneLighting":true,"audioPlay":false,"sceneViewState":{"showFog":false,"showMaterialUpdate":false,"showSkybox":false,"showFlares":false,"showImageEffects":false,"showParticleSystems":false},"in2DMode":false,"pivot":{"x":3.041053295135498,"y":-1.3835817575454713,"z":0.38901859521865847},"rotation":{"x":-0.2548527717590332,"y":-0.6416375041007996,"z":0.23955070972442628,"w":-0.682617723941803},"size":5.260497570037842,"orthographic":false}