{"cameraMode":{"drawMode":0,"name":"Shaded","section":"Shading Mode"},"sceneLighting":true,"audioPlay":false,"sceneViewState":{"showFog":false,"showMaterialUpdate":false,"showSkybox":false,"showFlares":false,"showImageEffects":false,"showParticleSystems":false},"in2DMode":false,"pivot":{"x":-1.2876349687576295,"y":2.276479721069336,"z":-0.2107335925102234},"rotation":{"x":-0.18122199177742005,"y":-0.7218145132064819,"z":0.20585563778877259,"w":-0.6354257464408875},"size":1.255049705505371,"orthographic":false}