{"cameraMode":{"drawMode":0,"name":"Shaded","section":"Shading Mode"},"sceneLighting":true,"audioPlay":false,"sceneViewState":{"showFog":false,"showMaterialUpdate":false,"showSkybox":false,"showFlares":false,"showImageEffects":false,"showParticleSystems":false},"in2DMode":false,"pivot":{"x":19.09820556640625,"y":-13.965193748474121,"z":1.7760590314865113},"rotation":{"x":-0.23082904517650605,"y":-0.650555431842804,"z":0.21762201189994813,"w":-0.6900263428688049},"size":30.562549591064454,"orthographic":false}