{"cameraMode":{"drawMode":0,"name":"Shaded","section":"Shading Mode"},"sceneLighting":true,"audioPlay":false,"sceneViewState":{"showFog":false,"showMaterialUpdate":false,"showSkybox":false,"showFlares":false,"showImageEffects":false,"showParticleSystems":false},"in2DMode":false,"pivot":{"x":19.302839279174806,"y":-13.773147583007813,"z":0.764517068862915},"rotation":{"x":-0.23082904517650605,"y":-0.650555431842804,"z":0.21762201189994813,"w":-0.6900263428688049},"size":37.885250091552737,"orthographic":false}