{"cameraMode":{"drawMode":0,"name":"Shaded","section":"Shading Mode"},"sceneLighting":true,"audioPlay":false,"sceneViewState":{"showFog":false,"showMaterialUpdate":false,"showSkybox":false,"showFlares":false,"showImageEffects":false,"showParticleSystems":false},"in2DMode":false,"pivot":{"x":3.07228422164917,"y":-1.9396698474884034,"z":-1.9268368482589722},"rotation":{"x":-0.14317232370376588,"y":-0.7782737016677856,"z":0.19195669889450074,"w":-0.5804691910743713},"size":8.535015106201172,"orthographic":false}