{"cameraMode":{"drawMode":0,"name":"Shaded","section":"Shading Mode"},"sceneLighting":true,"audioPlay":false,"sceneViewState":{"showFog":false,"showMaterialUpdate":false,"showSkybox":false,"showFlares":false,"showImageEffects":false,"showParticleSystems":false},"in2DMode":false,"pivot":{"x":-1.0614688396453858,"y":2.4642293453216554,"z":-0.1618836224079132},"rotation":{"x":-0.2515068054199219,"y":-0.6534537076950073,"z":0.2450789362192154,"w":-0.6705811023712158},"size":-0.24495035409927369,"orthographic":false}